{
  "total_loans": 500000,
  "num_mismatches": 474963,
  "pct_mismatches": 0.949926,
  "num_anomalies": 4990,
  "total_approved": 126272926094.0,
  "total_ledger": 126266444371.0,
  "total_abs_difference": 4999326215.0,
  "num_quality_issues": 2845,
  "pct_quality_issues": 0.00569
}